Ticket,Date
FALCON-2341,7/2018
FALCON-2340,7/2018
FALCON-2339,7/2018
FALCON-2338,7/2018
FALCON-2336,7/2018
FALCON-2335,7/2018
FALCON-2334,4/2018
FALCON-2333,4/2018
FALCON-2330,2/2018
FALCON-2328,2/2018
FALCON-2327,2/2018
FALCON-2326,2/2018
FALCON-2325,2/2018
FALCON-2324,2/2018
FALCON-2321,2/2018
FALCON-2319,12/2017
FALCON-2318,2/2018
FALCON-2317,12/2017
FALCON-2314,2/2018
FALCON-2308,10/2017
FALCON-2305,8/2017
FALCON-2303,8/2017
FALCON-2298,6/2017
FALCON-2293,3/2017
FALCON-2292,2/2017
FALCON-2291,2/2017
FALCON-2290,2/2017
FALCON-2289,2/2017
FALCON-2288,2/2017
FALCON-2287,2/2017
FALCON-2286,3/2017
FALCON-2284,2/2017
FALCON-2283,2/2017
FALCON-2281,2/2017
FALCON-2280,2/2017
FALCON-2279,2/2017
FALCON-2277,2/2017
FALCON-2276,2/2017
FALCON-2275,1/2017
FALCON-2274,1/2017
FALCON-2273,1/2017
FALCON-2272,1/2017
FALCON-2271,1/2017
FALCON-2270,1/2017
FALCON-2268,1/2017
FALCON-2267,1/2017
FALCON-2266,1/2017
FALCON-2264,1/2017
FALCON-2263,4/2017
FALCON-2261,1/2017
FALCON-2260,1/2017
FALCON-2259,1/2017
FALCON-2258,1/2017
FALCON-2247,1/2017
FALCON-2242,1/2017
FALCON-2240,1/2017
FALCON-2235,12/2016
FALCON-2233,1/2017
FALCON-2231,12/2016
FALCON-2230,12/2016
FALCON-2229,12/2016
FALCON-2228,12/2016
FALCON-2227,12/2016
FALCON-2226,12/2016
FALCON-2225,12/2016
FALCON-2223,12/2016
FALCON-2219,12/2016
FALCON-2214,12/2016
FALCON-2211,12/2016
FALCON-2210,12/2016
FALCON-2208,11/2016
FALCON-2207,12/2016
FALCON-2205,12/2016
FALCON-2204,11/2016
FALCON-2203,11/2016
FALCON-2201,11/2016
FALCON-2200,12/2016
FALCON-2199,12/2016
FALCON-2195,12/2016
FALCON-2194,12/2016
FALCON-2193,11/2016
FALCON-2191,11/2016
FALCON-2190,12/2016
FALCON-2189,11/2016
FALCON-2188,11/2016
FALCON-2187,11/2016
FALCON-2186,11/2016
FALCON-2185,11/2016
FALCON-2184,11/2016
FALCON-2183,11/2016
FALCON-2181,11/2016
FALCON-2177,11/2016
FALCON-2175,11/2016
FALCON-2173,10/2016
FALCON-2171,10/2016
FALCON-2170,10/2016
FALCON-2148,10/2016
FALCON-2147,10/2016
FALCON-2146,10/2016
FALCON-2144,8/2016
FALCON-2143,9/2016
FALCON-2142,8/2016
FALCON-2133,8/2016
FALCON-2128,8/2016
FALCON-2127,8/2016
FALCON-2125,8/2016
FALCON-2123,8/2016
FALCON-2121,8/2016
FALCON-2120,8/2016
FALCON-2119,8/2016
FALCON-2116,8/2016
FALCON-2115,8/2016
FALCON-2113,8/2016
FALCON-2111,7/2016
FALCON-2108,7/2016
FALCON-2107,7/2016
FALCON-2104,7/2016
FALCON-2101,7/2016
FALCON-2100,7/2016
FALCON-2099,7/2016
FALCON-2097,7/2016
FALCON-2096,8/2016
FALCON-2095,7/2016
FALCON-2093,7/2016
FALCON-2090,7/2016
FALCON-2089,7/2016
FALCON-2088,7/2016
FALCON-2084,7/2016
FALCON-2082,8/2016
FALCON-2081,7/2016
FALCON-2080,8/2016
FALCON-2078,10/2016
FALCON-2077,8/2016
FALCON-2076,7/2016
FALCON-2075,7/2016
FALCON-2074,7/2016
FALCON-2073,7/2016
FALCON-2072,7/2016
FALCON-2071,7/2016
FALCON-2067,7/2016
FALCON-2066,7/2016
FALCON-2065,7/2016
FALCON-2063,7/2016
FALCON-2062,6/2016
FALCON-2061,6/2016
FALCON-2060,7/2016
FALCON-2059,7/2016
FALCON-2058,6/2016
FALCON-2057,6/2016
FALCON-2056,6/2016
FALCON-2053,6/2016
FALCON-2052,6/2016
FALCON-2050,6/2016
FALCON-2049,6/2016
FALCON-2048,6/2016
FALCON-2047,7/2016
FALCON-2046,6/2016
FALCON-2045,6/2016
FALCON-2044,11/2016
FALCON-2042,6/2016
FALCON-2041,6/2016
FALCON-2039,7/2016
FALCON-2038,6/2016
FALCON-2037,6/2016
FALCON-2036,6/2016
FALCON-2035,6/2016
FALCON-2034,6/2016
FALCON-2032,6/2016
FALCON-2031,6/2016
FALCON-2030,6/2016
FALCON-2028,8/2016
FALCON-2027,6/2016
FALCON-2026,6/2016
FALCON-2025,6/2016
FALCON-2023,6/2016
FALCON-2020,6/2016
FALCON-2018,5/2016
FALCON-2017,5/2016
FALCON-2016,5/2016
FALCON-2013,5/2016
FALCON-2010,5/2016
FALCON-2009,5/2016
FALCON-2008,6/2016
FALCON-2007,5/2016
FALCON-2005,7/2016
FALCON-2004,7/2016
FALCON-1986,5/2016
FALCON-1985,5/2016
FALCON-1984,5/2016
FALCON-1983,5/2016
FALCON-1982,5/2016
FALCON-1980,5/2016
FALCON-1979,5/2016
FALCON-1978,5/2016
FALCON-1976,5/2016
FALCON-1975,5/2016
FALCON-1974,5/2016
FALCON-1973,5/2016
FALCON-1972,5/2016
FALCON-1969,5/2016
FALCON-1965,5/2016
FALCON-1964,5/2016
FALCON-1963,5/2016
FALCON-1962,5/2016
FALCON-1961,5/2016
FALCON-1957,5/2016
FALCON-1956,5/2016
FALCON-1954,5/2016
FALCON-1953,5/2016
FALCON-1949,5/2016
FALCON-1946,5/2016
FALCON-1944,7/2016
FALCON-1943,5/2016
FALCON-1942,5/2016
FALCON-1941,5/2016
FALCON-1940,5/2016
FALCON-1939,4/2016
FALCON-1938,6/2016
FALCON-1937,5/2016
FALCON-1936,4/2016
FALCON-1935,5/2016
FALCON-1934,5/2016
FALCON-1932,4/2016
FALCON-1931,6/2016
FALCON-1928,4/2016
FALCON-1926,5/2016
FALCON-1925,4/2016
FALCON-1924,4/2016
FALCON-1919,5/2016
FALCON-1917,4/2016
FALCON-1916,4/2016
FALCON-1914,6/2016
FALCON-1909,4/2016
FALCON-1908,5/2016
FALCON-1907,4/2016
FALCON-1905,5/2016
FALCON-1904,5/2016
FALCON-1902,4/2016
FALCON-1901,4/2016
FALCON-1899,4/2016
FALCON-1898,4/2016
FALCON-1897,4/2016
FALCON-1896,4/2016
FALCON-1895,4/2016
FALCON-1893,5/2016
FALCON-1892,4/2016
FALCON-1888,4/2016
FALCON-1886,3/2016
FALCON-1885,4/2016
FALCON-1883,3/2016
FALCON-1882,4/2016
FALCON-1881,3/2016
FALCON-1880,3/2016
FALCON-1874,3/2016
FALCON-1867,3/2016
FALCON-1866,3/2016
FALCON-1865,3/2016
FALCON-1864,3/2016
FALCON-1860,3/2016
FALCON-1859,5/2016
FALCON-1856,3/2016
FALCON-1855,3/2016
FALCON-1854,3/2016
FALCON-1853,5/2016
FALCON-1852,3/2016
FALCON-1848,3/2016
FALCON-1847,3/2016
FALCON-1846,3/2016
FALCON-1845,3/2016
FALCON-1844,2/2016
FALCON-1842,2/2016
FALCON-1841,2/2016
FALCON-1840,3/2016
FALCON-1839,2/2016
FALCON-1838,3/2016
FALCON-1836,3/2016
FALCON-1835,2/2016
FALCON-1831,2/2016
FALCON-1829,2/2016
FALCON-1826,2/2016
FALCON-1825,2/2016
FALCON-1823,2/2016
FALCON-1819,2/2016
FALCON-1818,1/2016
FALCON-1817,4/2016
FALCON-1816,1/2016
FALCON-1811,2/2016
FALCON-1806,1/2016
FALCON-1804,1/2016
FALCON-1802,4/2016
FALCON-1801,7/2016
FALCON-1796,1/2016
FALCON-1795,1/2016
FALCON-1793,1/2016
FALCON-1792,1/2016
FALCON-1790,4/2016
FALCON-1787,1/2016
FALCON-1784,2/2016
FALCON-1783,1/2016
FALCON-1782,1/2016
FALCON-1779,1/2016
FALCON-1778,1/2016
FALCON-1777,1/2016
FALCON-1776,8/2016
FALCON-1774,1/2016
FALCON-1771,1/2016
FALCON-1770,1/2016
FALCON-1767,4/2016
FALCON-1766,1/2016
FALCON-1758,1/2016
FALCON-1757,1/2016
FALCON-1756,1/2016
FALCON-1754,1/2016
FALCON-1751,1/2016
FALCON-1750,1/2016
FALCON-1748,1/2016
FALCON-1747,1/2016
FALCON-1743,3/2016
FALCON-1742,1/2016
FALCON-1741,1/2016
FALCON-1735,1/2016
FALCON-1733,1/2016
FALCON-1732,1/2016
FALCON-1730,1/2016
FALCON-1729,1/2016
FALCON-1727,1/2016
FALCON-1725,12/2015
FALCON-1724,2/2016
FALCON-1723,1/2016
FALCON-1721,1/2016
FALCON-1720,12/2015
FALCON-1719,12/2015
FALCON-1718,12/2015
FALCON-1717,12/2015
FALCON-1716,1/2016
FALCON-1715,1/2016
FALCON-1714,12/2015
FALCON-1711,12/2015
FALCON-1710,12/2015
FALCON-1709,12/2015
FALCON-1708,12/2015
FALCON-1707,1/2016
FALCON-1705,12/2015
FALCON-1703,12/2015
FALCON-1702,12/2015
FALCON-1701,1/2016
FALCON-1700,12/2015
FALCON-1699,1/2016
FALCON-1698,12/2015
FALCON-1697,12/2015
FALCON-1696,12/2015
FALCON-1694,12/2015
FALCON-1692,12/2015
FALCON-1689,12/2015
FALCON-1683,12/2015
FALCON-1681,12/2015
FALCON-1680,12/2015
FALCON-1679,12/2015
FALCON-1678,1/2016
FALCON-1677,1/2016
FALCON-1675,1/2016
FALCON-1674,12/2015
FALCON-1669,12/2015
FALCON-1664,1/2016
FALCON-1662,1/2016
FALCON-1660,12/2015
FALCON-1658,12/2015
FALCON-1656,12/2015
FALCON-1651,11/2015
FALCON-1647,11/2015
FALCON-1645,12/2015
FALCON-1644,12/2015
FALCON-1643,1/2016
FALCON-1641,12/2015
FALCON-1640,12/2015
FALCON-1639,12/2015
FALCON-1636,12/2015
FALCON-1635,12/2015
FALCON-1634,11/2015
FALCON-1627,2/2016
FALCON-1623,4/2016
FALCON-1622,11/2015
FALCON-1621,2/2016
FALCON-1617,12/2015
FALCON-1616,11/2015
FALCON-1609,6/2016
FALCON-1608,11/2015
FALCON-1607,11/2015
FALCON-1606,11/2015
FALCON-1605,11/2015
FALCON-1604,11/2015
FALCON-1603,11/2015
FALCON-1601,1/2016
FALCON-1598,11/2015
FALCON-1597,11/2015
FALCON-1596,7/2016
FALCON-1595,11/2015
FALCON-1594,11/2015
FALCON-1593,10/2015
FALCON-1592,10/2015
FALCON-1589,11/2015
FALCON-1588,11/2015
FALCON-1587,11/2015
FALCON-1585,10/2015
FALCON-1584,2/2016
FALCON-1582,10/2015
FALCON-1579,10/2015
FALCON-1578,10/2015
FALCON-1577,12/2015
FALCON-1574,10/2015
FALCON-1573,11/2015
FALCON-1572,12/2015
FALCON-1569,10/2015
FALCON-1568,11/2015
FALCON-1565,12/2015
FALCON-1564,10/2015
FALCON-1563,10/2015
FALCON-1560,10/2015
FALCON-1558,10/2015
FALCON-1557,11/2015
FALCON-1556,10/2015
FALCON-1555,10/2015
FALCON-1554,10/2015
FALCON-1553,10/2015
FALCON-1552,11/2015
FALCON-1551,10/2015
FALCON-1545,1/2016
FALCON-1543,10/2015
FALCON-1541,10/2015
FALCON-1538,1/2016
FALCON-1532,10/2015
FALCON-1530,10/2015
FALCON-1527,10/2015
FALCON-1524,10/2015
FALCON-1523,10/2015
FALCON-1520,10/2015
FALCON-1519,10/2015
FALCON-1518,9/2015
FALCON-1516,10/2015
FALCON-1514,9/2015
FALCON-1512,12/2015
FALCON-1509,9/2015
FALCON-1502,9/2015
FALCON-1499,9/2015
FALCON-1496,2/2016
FALCON-1495,1/2016
FALCON-1491,9/2015
FALCON-1490,11/2015
FALCON-1489,9/2015
FALCON-1487,9/2015
FALCON-1486,11/2015
FALCON-1485,10/2015
FALCON-1484,9/2015
FALCON-1483,9/2015
FALCON-1480,11/2015
FALCON-1477,9/2015
FALCON-1476,9/2015
FALCON-1473,9/2015
FALCON-1472,9/2015
FALCON-1470,9/2015
FALCON-1469,9/2015
FALCON-1466,9/2015
FALCON-1465,9/2015
FALCON-1462,9/2015
FALCON-1461,9/2015
FALCON-1460,9/2015
FALCON-1459,10/2015
FALCON-1453,10/2015
FALCON-1449,9/2015
FALCON-1447,12/2015
FALCON-1446,9/2015
FALCON-1445,9/2015
FALCON-1443,9/2015
FALCON-1442,9/2015
FALCON-1438,9/2015
FALCON-1437,9/2015
FALCON-1434,9/2015
FALCON-1432,8/2015
FALCON-1430,8/2015
FALCON-1429,8/2015
FALCON-1426,9/2015
FALCON-1425,9/2015
FALCON-1424,8/2015
FALCON-1423,8/2015
FALCON-1421,8/2015
FALCON-1419,8/2015
FALCON-1417,9/2015
FALCON-1416,8/2015
FALCON-1415,9/2015
FALCON-1414,8/2015
FALCON-1413,8/2015
FALCON-1412,8/2015
FALCON-1410,8/2015
FALCON-1409,8/2015
FALCON-1408,9/2015
FALCON-1407,8/2015
FALCON-1403,9/2015
FALCON-1402,8/2015
FALCON-1401,9/2015
FALCON-1399,8/2015
FALCON-1398,8/2015
FALCON-1396,8/2015
FALCON-1392,8/2015
FALCON-1388,8/2015
FALCON-1387,9/2015
FALCON-1384,8/2015
FALCON-1383,8/2015
FALCON-1382,8/2015
FALCON-1381,9/2015
FALCON-1380,8/2015
FALCON-1379,8/2015
FALCON-1378,8/2015
FALCON-1377,12/2015
FALCON-1376,7/2015
FALCON-1374,8/2015
FALCON-1373,9/2015
FALCON-1372,11/2015
FALCON-1371,8/2015
FALCON-1369,7/2015
FALCON-1368,7/2015
FALCON-1365,8/2015
FALCON-1364,7/2015
FALCON-1363,7/2015
FALCON-1362,7/2015
FALCON-1361,7/2015
FALCON-1360,7/2015
FALCON-1359,7/2015
FALCON-1357,8/2015
FALCON-1349,8/2015
FALCON-1344,8/2015
FALCON-1343,9/2015
FALCON-1342,9/2015
FALCON-1339,9/2015
FALCON-1338,7/2015
FALCON-1335,4/2016
FALCON-1334,3/2016
FALCON-1332,7/2015
FALCON-1331,9/2015
FALCON-1330,8/2015
FALCON-1329,7/2015
FALCON-1328,7/2015
FALCON-1327,7/2015
FALCON-1325,7/2015
FALCON-1324,7/2015
FALCON-1323,7/2015
FALCON-1321,7/2015
FALCON-1320,7/2015
FALCON-1319,7/2015
FALCON-1318,7/2015
FALCON-1317,7/2015
FALCON-1316,9/2015
FALCON-1315,10/2015
FALCON-1314,7/2015
FALCON-1312,8/2015
FALCON-1311,7/2015
FALCON-1310,7/2015
FALCON-1306,6/2015
FALCON-1301,7/2015
FALCON-1300,6/2015
FALCON-1297,7/2015
FALCON-1293,6/2015
FALCON-1292,6/2015
FALCON-1290,6/2015
FALCON-1289,6/2015
FALCON-1288,6/2015
FALCON-1287,6/2015
FALCON-1285,6/2015
FALCON-1284,6/2015
FALCON-1283,6/2015
FALCON-1282,7/2015
FALCON-1281,6/2015
FALCON-1278,7/2015
FALCON-1277,6/2015
FALCON-1276,6/2015
FALCON-1275,6/2015
FALCON-1274,6/2015
FALCON-1273,6/2015
FALCON-1272,6/2015
FALCON-1270,6/2015
FALCON-1269,6/2015
FALCON-1268,6/2015
FALCON-1267,6/2015
FALCON-1266,6/2015
FALCON-1265,6/2015
FALCON-1264,6/2015
FALCON-1263,5/2015
FALCON-1261,5/2015
FALCON-1260,6/2015
FALCON-1259,5/2015
FALCON-1258,5/2015
FALCON-1257,5/2015
FALCON-1256,5/2015
FALCON-1255,5/2015
FALCON-1254,5/2015
FALCON-1253,5/2015
FALCON-1252,5/2015
FALCON-1251,8/2015
FALCON-1249,5/2015
FALCON-1246,5/2015
FALCON-1245,6/2015
FALCON-1244,5/2015
FALCON-1243,5/2015
FALCON-1242,5/2015
FALCON-1241,5/2015
FALCON-1238,5/2015
FALCON-1234,11/2015
FALCON-1231,9/2015
FALCON-1230,1/2016
FALCON-1229,5/2015
FALCON-1228,5/2015
FALCON-1227,5/2015
FALCON-1226,5/2015
FALCON-1225,5/2015
FALCON-1224,5/2015
FALCON-1220,5/2015
FALCON-1219,5/2015
FALCON-1218,5/2015
FALCON-1217,5/2015
FALCON-1216,5/2015
FALCON-1215,5/2015
FALCON-1213,10/2015
FALCON-1212,5/2015
FALCON-1211,5/2015
FALCON-1210,5/2015
FALCON-1207,5/2015
FALCON-1205,9/2015
FALCON-1204,7/2015
FALCON-1203,8/2015
FALCON-1202,5/2015
FALCON-1201,5/2015
FALCON-1198,4/2015
FALCON-1197,4/2015
FALCON-1195,5/2015
FALCON-1188,8/2015
FALCON-1187,4/2015
FALCON-1186,6/2015
FALCON-1183,4/2015
FALCON-1182,4/2015
FALCON-1177,4/2015
FALCON-1176,4/2015
FALCON-1174,8/2015
FALCON-1173,4/2015
FALCON-1171,4/2015
FALCON-1170,7/2015
FALCON-1167,4/2015
FALCON-1166,4/2015
FALCON-1165,5/2015
FALCON-1162,4/2015
FALCON-1161,4/2015
FALCON-1159,4/2015
FALCON-1158,4/2015
FALCON-1157,9/2015
FALCON-1155,4/2015
FALCON-1154,4/2015
FALCON-1153,4/2015
FALCON-1152,4/2015
FALCON-1151,4/2015
FALCON-1147,5/2015
FALCON-1146,4/2015
FALCON-1145,4/2015
FALCON-1144,3/2015
FALCON-1143,3/2015
FALCON-1142,3/2015
FALCON-1141,3/2015
FALCON-1139,7/2015
FALCON-1138,3/2015
FALCON-1135,3/2015
FALCON-1132,3/2015
FALCON-1131,4/2015
FALCON-1129,4/2015
FALCON-1128,3/2015
FALCON-1127,4/2015
FALCON-1125,3/2015
FALCON-1123,3/2015
FALCON-1121,5/2015
FALCON-1119,3/2015
FALCON-1117,3/2015
FALCON-1116,6/2015
FALCON-1114,6/2015
FALCON-1113,3/2015
FALCON-1112,3/2015
FALCON-1111,2/2016
FALCON-1107,4/2016
FALCON-1106,4/2016
FALCON-1105,4/2016
FALCON-1104,5/2015
FALCON-1103,3/2015
FALCON-1102,10/2015
FALCON-1101,6/2015
FALCON-1100,3/2015
FALCON-1099,3/2015
FALCON-1097,3/2015
FALCON-1094,3/2015
FALCON-1093,3/2015
FALCON-1091,3/2015
FALCON-1089,3/2015
FALCON-1088,3/2015
FALCON-1086,3/2015
FALCON-1075,3/2015
FALCON-1074,3/2015
FALCON-1072,2/2015
FALCON-1071,3/2015
FALCON-1070,3/2015
FALCON-1066,2/2015
FALCON-1064,3/2015
FALCON-1063,2/2015
FALCON-1060,5/2015
FALCON-1059,4/2015
FALCON-1058,2/2015
FALCON-1057,2/2015
FALCON-1052,2/2015
FALCON-1051,5/2015
FALCON-1050,2/2015
FALCON-1048,2/2015
FALCON-1047,2/2015
FALCON-1046,2/2015
FALCON-1045,2/2015
FALCON-1044,2/2015
FALCON-1043,2/2015
FALCON-1042,3/2015
FALCON-1040,2/2015
FALCON-1039,5/2015
FALCON-1038,8/2015
FALCON-1035,2/2015
FALCON-1034,2/2015
FALCON-1031,6/2015
FALCON-1030,2/2015
FALCON-1027,9/2015
FALCON-1025,3/2015
FALCON-1024,2/2015
FALCON-1022,2/2015
FALCON-1021,2/2015
FALCON-1020,2/2015
FALCON-1018,1/2015
FALCON-1017,2/2015
FALCON-1014,2/2015
FALCON-1012,2/2015
FALCON-1011,3/2015
FALCON-1010,3/2015
FALCON-1009,1/2015
FALCON-1007,1/2015
FALCON-1006,1/2015
FALCON-1005,1/2015
FALCON-1003,2/2015
FALCON-1002,8/2015
FALCON-1000,1/2015
FALCON-999,1/2015
FALCON-998,1/2015
FALCON-995,1/2015
FALCON-993,1/2015
FALCON-990,1/2015
FALCON-989,1/2015
FALCON-987,2/2015
FALCON-984,1/2015
FALCON-979,12/2014
FALCON-978,12/2014
FALCON-977,12/2014
FALCON-976,12/2014
FALCON-974,2/2015
FALCON-973,2/2015
FALCON-968,1/2015
FALCON-965,9/2015
FALCON-964,2/2015
FALCON-963,12/2014
FALCON-962,12/2014
FALCON-956,12/2014
FALCON-955,12/2014
FALCON-954,4/2015
FALCON-953,12/2014
FALCON-952,12/2014
FALCON-951,12/2014
FALCON-950,2/2015
FALCON-949,2/2015
FALCON-948,12/2014
FALCON-947,12/2014
FALCON-945,12/2014
FALCON-944,2/2015
FALCON-943,12/2014
FALCON-942,12/2014
FALCON-940,12/2014
FALCON-939,11/2014
FALCON-937,11/2014
FALCON-936,11/2014
FALCON-935,12/2014
FALCON-933,3/2015
FALCON-930,11/2014
FALCON-928,11/2014
FALCON-927,11/2014
FALCON-926,11/2014
FALCON-923,11/2014
FALCON-921,12/2014
FALCON-917,11/2014
FALCON-916,11/2014
FALCON-915,3/2015
FALCON-914,12/2014
FALCON-913,11/2014
FALCON-910,3/2015
FALCON-909,11/2014
FALCON-908,12/2014
FALCON-906,11/2014
FALCON-896,1/2015
FALCON-895,11/2014
FALCON-894,11/2014
FALCON-893,11/2014
FALCON-892,11/2014
FALCON-891,11/2014
FALCON-890,11/2014
FALCON-889,11/2014
FALCON-888,11/2014
FALCON-887,2/2016
FALCON-886,11/2014
FALCON-885,11/2014
FALCON-884,11/2014
FALCON-883,11/2014
FALCON-880,11/2014
FALCON-879,10/2014
FALCON-878,11/2014
FALCON-877,11/2014
FALCON-876,10/2014
FALCON-875,10/2014
FALCON-874,10/2014
FALCON-873,10/2014
FALCON-871,10/2014
FALCON-869,11/2014
FALCON-868,10/2014
FALCON-867,10/2014
FALCON-866,10/2014
FALCON-865,10/2014
FALCON-864,10/2014
FALCON-863,10/2014
FALCON-862,10/2014
FALCON-861,10/2014
FALCON-860,10/2014
FALCON-859,10/2014
FALCON-858,10/2014
FALCON-857,10/2014
FALCON-856,10/2014
FALCON-855,10/2014
FALCON-852,10/2014
FALCON-851,10/2014
FALCON-850,10/2014
FALCON-849,10/2014
FALCON-848,10/2014
FALCON-847,10/2014
FALCON-844,10/2014
FALCON-843,2/2015
FALCON-841,10/2014
FALCON-840,10/2014
FALCON-839,10/2014
FALCON-838,10/2014
FALCON-836,10/2014
FALCON-835,10/2014
FALCON-834,10/2014
FALCON-833,10/2014
FALCON-832,10/2014
FALCON-831,10/2014
FALCON-829,11/2014
FALCON-828,10/2014
FALCON-826,10/2014
FALCON-824,11/2014
FALCON-823,12/2014
FALCON-822,3/2015
FALCON-820,10/2014
FALCON-819,10/2014
FALCON-815,10/2014
FALCON-814,10/2014
FALCON-813,10/2014
FALCON-812,10/2014
FALCON-811,10/2014
FALCON-809,10/2014
FALCON-807,11/2014
FALCON-805,11/2014
FALCON-804,10/2014
FALCON-803,10/2014
FALCON-802,10/2014
FALCON-801,10/2014
FALCON-800,10/2014
FALCON-799,10/2014
FALCON-798,10/2014
FALCON-797,10/2014
FALCON-796,6/2015
FALCON-795,10/2014
FALCON-792,10/2014
FALCON-790,3/2015
FALCON-789,9/2014
FALCON-788,9/2014
FALCON-787,10/2014
FALCON-786,9/2014
FALCON-785,11/2014
FALCON-784,11/2014
FALCON-782,11/2014
FALCON-779,9/2014
FALCON-777,9/2014
FALCON-776,9/2014
FALCON-774,2/2015
FALCON-773,9/2014
FALCON-768,9/2014
FALCON-767,9/2014
FALCON-766,11/2014
FALCON-764,10/2014
FALCON-763,1/2016
FALCON-762,10/2014
FALCON-760,9/2014
FALCON-759,9/2014
FALCON-758,9/2014
FALCON-757,9/2014
FALCON-753,10/2014
FALCON-750,9/2014
FALCON-749,12/2014
FALCON-748,9/2014
FALCON-747,9/2014
FALCON-746,9/2014
FALCON-745,9/2014
FALCON-744,11/2014
FALCON-743,9/2014
FALCON-740,9/2014
FALCON-739,9/2014
FALCON-737,9/2014
FALCON-736,9/2014
FALCON-734,11/2014
FALCON-733,9/2014
FALCON-732,9/2014
FALCON-731,9/2014
FALCON-729,9/2014
FALCON-728,9/2014
FALCON-727,9/2014
FALCON-726,9/2014
FALCON-724,9/2014
FALCON-723,9/2014
FALCON-722,11/2014
FALCON-721,10/2014
FALCON-720,9/2014
FALCON-717,11/2014
FALCON-716,9/2014
FALCON-715,9/2014
FALCON-713,9/2014
FALCON-711,9/2014
FALCON-710,10/2014
FALCON-707,9/2014
FALCON-706,10/2014
FALCON-702,9/2014
FALCON-701,9/2014
FALCON-699,11/2014
FALCON-698,11/2014
FALCON-696,9/2014
FALCON-695,8/2014
FALCON-694,8/2014
FALCON-693,9/2014
FALCON-690,8/2014
FALCON-687,9/2014
FALCON-684,11/2014
FALCON-681,8/2014
FALCON-678,10/2014
FALCON-677,9/2014
FALCON-676,5/2015
FALCON-675,8/2014
FALCON-674,8/2014
FALCON-671,2/2015
FALCON-669,8/2014
FALCON-668,7/2015
FALCON-666,9/2014
FALCON-665,9/2014
FALCON-662,9/2014
FALCON-661,9/2014
FALCON-660,8/2014
FALCON-657,8/2014
FALCON-656,8/2014
FALCON-655,8/2014
FALCON-654,8/2014
FALCON-653,8/2014
FALCON-652,8/2014
FALCON-651,9/2014
FALCON-650,8/2014
FALCON-649,8/2014
FALCON-646,8/2014
FALCON-645,9/2014
FALCON-644,8/2014
FALCON-643,8/2014
FALCON-642,8/2014
FALCON-640,8/2014
FALCON-636,9/2014
FALCON-635,9/2014
FALCON-633,8/2014
FALCON-632,8/2014
FALCON-631,9/2014
FALCON-630,8/2014
FALCON-622,8/2014
FALCON-619,8/2014
FALCON-616,8/2014
FALCON-615,8/2014
FALCON-614,8/2014
FALCON-612,8/2014
FALCON-611,8/2014
FALCON-610,8/2014
FALCON-609,8/2014
FALCON-606,8/2014
FALCON-598,8/2014
FALCON-597,8/2014
FALCON-595,10/2014
FALCON-594,8/2014
FALCON-593,11/2014
FALCON-592,9/2015
FALCON-590,8/2014
FALCON-589,8/2014
FALCON-588,8/2014
FALCON-587,8/2014
FALCON-583,8/2014
FALCON-582,8/2014
FALCON-581,8/2014
FALCON-579,8/2014
FALCON-578,8/2014
FALCON-577,8/2014
FALCON-576,9/2014
FALCON-572,8/2014
FALCON-571,7/2014
FALCON-570,12/2015
FALCON-567,7/2014
FALCON-566,7/2014
FALCON-563,7/2014
FALCON-561,7/2014
FALCON-557,7/2014
FALCON-556,7/2014
FALCON-555,2/2015
FALCON-554,7/2014
FALCON-514,7/2014
FALCON-497,6/2014
FALCON-496,6/2014
FALCON-495,6/2014
FALCON-494,6/2014
FALCON-492,7/2014
FALCON-488,7/2014
FALCON-487,7/2014
FALCON-486,7/2014
FALCON-485,7/2014
FALCON-484,7/2014
FALCON-483,6/2014
FALCON-482,10/2014
FALCON-474,8/2014
FALCON-470,8/2014
FALCON-468,7/2014
FALCON-466,7/2014
FALCON-464,7/2014
FALCON-463,7/2014
FALCON-462,7/2014
FALCON-460,6/2014
FALCON-459,6/2014
FALCON-456,5/2014
FALCON-453,7/2014
FALCON-450,5/2014
FALCON-449,5/2014
FALCON-448,5/2014
FALCON-447,5/2014
FALCON-446,5/2014
FALCON-445,5/2014
FALCON-444,5/2014
FALCON-443,5/2014
FALCON-441,5/2014
FALCON-440,5/2014
FALCON-439,5/2014
FALCON-438,9/2015
FALCON-437,5/2014
FALCON-430,6/2014
FALCON-429,4/2014
FALCON-427,4/2014
FALCON-426,4/2014
FALCON-425,4/2014
FALCON-423,11/2014
FALCON-421,4/2014
FALCON-419,12/2014
FALCON-418,4/2014
FALCON-417,1/2015
FALCON-409,4/2014
FALCON-401,4/2014
FALCON-400,7/2014
FALCON-398,4/2014
FALCON-397,4/2014
FALCON-396,4/2014
FALCON-395,4/2014
FALCON-393,4/2014
FALCON-392,4/2014
FALCON-391,4/2014
FALCON-390,4/2014
FALCON-386,4/2014
FALCON-382,5/2014
FALCON-380,4/2014
FALCON-379,4/2014
FALCON-378,3/2014
FALCON-377,3/2014
FALCON-374,3/2014
FALCON-373,3/2014
FALCON-370,3/2014
FALCON-369,7/2014
FALCON-366,3/2014
FALCON-365,3/2014
FALCON-364,4/2014
FALCON-363,3/2014
FALCON-360,3/2014
FALCON-359,3/2014
FALCON-358,3/2014
FALCON-357,6/2014
FALCON-356,3/2014
FALCON-355,3/2014
FALCON-354,3/2014
FALCON-353,7/2014
FALCON-352,4/2014
FALCON-348,8/2015
FALCON-344,3/2014
FALCON-342,3/2014
FALCON-338,8/2014
FALCON-336,2/2014
FALCON-334,3/2014
FALCON-333,2/2014
FALCON-332,3/2014
FALCON-331,2/2014
FALCON-330,2/2014
FALCON-329,12/2014
FALCON-327,7/2014
FALCON-325,8/2014
FALCON-324,4/2014
FALCON-323,2/2014
FALCON-321,2/2014
FALCON-320,11/2014
FALCON-319,2/2014
FALCON-312,4/2014
FALCON-311,2/2014
FALCON-304,1/2014
FALCON-302,2/2014
FALCON-298,8/2015
FALCON-297,2/2014
FALCON-289,2/2014
FALCON-288,2/2014
FALCON-287,2/2014
FALCON-286,2/2014
FALCON-284,4/2014
FALCON-281,1/2014
FALCON-280,6/2014
FALCON-279,7/2014
FALCON-278,2/2014
FALCON-270,1/2014
FALCON-269,3/2014
FALCON-268,1/2014
FALCON-264,1/2014
FALCON-263,1/2015
FALCON-262,1/2014
FALCON-260,1/2014
FALCON-259,1/2014
FALCON-257,3/2014
FALCON-256,12/2014
FALCON-254,1/2014
FALCON-252,1/2014
FALCON-249,12/2013
FALCON-247,1/2014
FALCON-245,1/2014
FALCON-242,2/2014
FALCON-241,12/2013
FALCON-240,5/2014
FALCON-239,1/2014
FALCON-238,12/2013
FALCON-237,1/2015
FALCON-236,12/2013
FALCON-233,1/2014
FALCON-232,2/2018
FALCON-229,4/2014
FALCON-228,12/2013
FALCON-226,12/2013
FALCON-223,12/2013
FALCON-215,12/2013
FALCON-213,12/2013
FALCON-212,11/2013
FALCON-208,11/2013
FALCON-206,12/2013
FALCON-204,11/2013
FALCON-203,11/2013
FALCON-201,11/2013
FALCON-198,11/2013
FALCON-197,11/2013
FALCON-194,11/2013
FALCON-193,11/2013
FALCON-190,11/2013
FALCON-188,11/2013
FALCON-186,11/2013
FALCON-185,11/2013
FALCON-174,7/2016
FALCON-171,11/2013
FALCON-166,8/2014
FALCON-163,11/2013
FALCON-159,11/2013
FALCON-158,12/2013
FALCON-156,12/2015
FALCON-152,10/2013
FALCON-151,10/2015
FALCON-146,10/2013
FALCON-145,11/2014
FALCON-142,10/2013
FALCON-138,9/2013
FALCON-136,9/2013
FALCON-135,9/2013
FALCON-134,10/2013
FALCON-133,5/2014
FALCON-132,9/2013
FALCON-131,9/2013
FALCON-128,9/2013
FALCON-127,9/2013
FALCON-124,12/2013
FALCON-123,1/2014
FALCON-109,1/2015
FALCON-107,9/2013
FALCON-106,12/2013
FALCON-101,8/2013
FALCON-100,8/2013
FALCON-99,6/2015
FALCON-98,1/2015
FALCON-88,8/2013
FALCON-87,8/2013
FALCON-86,8/2013
FALCON-83,8/2013
FALCON-80,8/2013
FALCON-79,8/2013
FALCON-78,7/2013
FALCON-76,9/2013
FALCON-75,4/2015
FALCON-73,8/2013
FALCON-72,8/2013
FALCON-71,8/2013
FALCON-70,7/2013
FALCON-69,9/2013
FALCON-67,7/2013
FALCON-66,12/2013
FALCON-65,7/2013
FALCON-64,12/2013
FALCON-63,8/2013
FALCON-62,8/2013
FALCON-60,1/2014
FALCON-58,7/2013
FALCON-57,7/2013
FALCON-56,7/2013
FALCON-55,7/2013
FALCON-53,7/2013
FALCON-52,7/2013
FALCON-49,7/2013
FALCON-47,7/2013
FALCON-38,1/2014
FALCON-33,6/2013
FALCON-32,7/2013
FALCON-31,6/2013
FALCON-30,7/2013
FALCON-29,6/2013
FALCON-28,4/2014
FALCON-26,1/2014
FALCON-24,9/2013
FALCON-22,5/2013
FALCON-20,9/2014
FALCON-19,5/2013
FALCON-13,5/2013
FALCON-11,2/2014
FALCON-10,5/2013
FALCON-4,8/2013
FALCON-1,9/2015
